Workbook

Sheet payrolls
A1: Date | B1: Código | C1: Concepto | D1: Beneficiario | E1: Ingreso | F1: Egreso
A2: 45689 | B2: 2174 | C2: Pago JGG | D2: JGG | E2: 0 | F2: 25000
A3: 45611 | B3: 2174 | C3: Pago JGG | D3: JGG | E3: 0 | F3: 21000
A4: 45551 | B4: 2174 | C4: Pago JGG | D4: JGG | E4: 0 | F4: 19200
A5: 45658 | B5: 2174 | C5: Pago JGG | D5: JGG | E5: 0 | F5: 18000
A6: 45778 | B6: 2174 | C6: Pago RGL | D6: RGL | E6: 0 | F6: 18000
A7: 45748 | B7: 2174 | C7: Pago JGG | D7: JGG | E7: 0 | F7: 17500
A8: 45627 | B8: 2174 | C8: Pago JGG | D8: JGG | E8: 0 | F8: 17000
A9: 45566 | B9: 2174 | C9: Pago JGG | D9: JGG | E9: 0 | F9: 15600
A10: 45505 | B10: 2174 | C10: Pago JGG | D10: JGG | E10: 0 | F10: 15200
A11: 45793 | B11: 2174 | C11: Pago RGL-PENDIENTE | D11: RGL | E11: 0 | F11: 15000
A12: 45658 | B12: 2174 | C12: Pago RGL | D12: RGL | E12: 0 | F12: 14000
A13: 45748 | B13: 2171 | C13: Comisiones MAT | D13: MAT | E13: 0 | F13: 13831.407
... A42: 45611 | B42: 2174 | C42: Pago RGL | D42: RGL | E42: 0 | F42: 9348
A43: 45566 | B43: 2174 | C43: Pago RGL | D43: RGL | E43: 0 | F43: 9165 | H43: 10867
A44: 45505 | B44: 2171 | C44: Comisiones MAT | D44: MAT | E44: 0 | F44: 9084.8908 | H44: 1592
A45: 45612 | B45: 2172 | C45: Compensación extra MAT | D45: MAT | E45: 0 | F45: 8908
A46: 45322 | B46: 2171 | C46: Comisiones RGL del 15 al 30 de ene 24 | D46: RGL | E46: 0 | F46: 8810
A47: 45459 | B47: 2171 | C47: Comisiones MAT | D47: MAT | E47: 0 | F47: 8586.5677
A48: 45520 | B48: 2174 | C48: Pago RGL | D48: RGL | E48: 0 | F48: 8556
A49: 45536 | B49: 2174 | C49: Pago RGL | D49: RGL | E49: 0 | F49: 8450
A50: 45474 | B50: 2174 | C50: Pago RGL | D50: RGL | E50: 0 | F50: 8250
A51: 45382 | B51: 2171 | C51: Comisiones RGL del 15 al 30 de marzo 2424 | D51: RGL | E51: 0 | F51: 8249.13
A52: 45413 | B52: 2171 | C52: Pago RGL por horas | D52: RGL | E52: 0 | F52: 8100
A53: 45551 | B53: 2174 | C53: Pago RGL | D53: RGL | E53: 0 | F53: 8100
A54: 45397 | B54: 2171 | C54: Comisiones RGL del 15 al 30 de marzo 2424 | D54: RGL | E54: 0 | F54: 8079.8
A55: 45566 | B55: 2171 | C55: Comisiones MAT | D55: MAT | E55: 0 | F55: 8062.575
A56: 45641 | B56: 2174 | C56: Aguinaldo | D56: RGL | E56: 0 | F56: 8000
... A310: 45413 | B310: 2171 | C310: Comisiones ACP | D310: ACP | E310: 0 | F310: 2588.6964
A311: 45824 | B311: 2171 | C311: Comisiones AAT | D311: AAT | E311: 0 | F311: 2578.126 | I311: 4285
A312: 45322 | B312: 2172 | C312: Compensación por vacaciones MAT | D312: MAT | E312: 0 | F312: 2560.9925
A313: 45732 | B313: 2171 | C313: Comisiones JLP | D313: JLP | E313: 0 | F313: 2560.8
A314: 45717 | B314: 2171 | C314: Comisiones ACP | D314: ACP | E314: 0 | F314: 2559.3
A315: 45382 | B315: 2174 | C315: Apoyo para FCB | D315: FCB | E315: 0 | F315: 2556.79
A316: 45474 | B316: 2174 | C316: Pago FCB (Harbor) | D316: FCB | E316: 0 | F316: 2550
A317: 45551 | B317: 2174 | C317: Pago SNA | D317: SNA | E317: 0 | F317: 2550
A318: 45474 | B318: 2111 | C318: Sueldo ACP | D318: ACP | E318: 0 | F318: 2547.6
A319: 45489 | B319: 2111 | C319: Sueldo ACP | D319: ACP | E319: 0 | F319: 2547.6
A320: 45505 | B320: 2111 | C320: Sueldo ACP | D320: ACP | E320: 0 | F320: 2547.6
A321: 45520 | B321: 2111 | C321: Sueldo ACP | D321: ACP | E321: 0 | F321: 2547.6
A322: 45536 | B322: 2111 | C322: Sueldo ACP | D322: ACP | E322: 0 | F322: 2547.6
A323: 45551 | B323: 2111 | C323: Sueldo ACP | D323: ACP | E323: 0 | F323: 2547.6
... A1093: 45809 | B1093: 2172 | C1093: Compensación extra SLR | D1093: SLR | E1093: 0 | F1093: 400
A1094: 45824 | B1094: 2172 | C1094: Compensación por alimentos AAT | D1094: AAT | E1094: 0 | F1094: 400 | I1094: 400
A1095: 45824 | B1095: 2172 | C1095: Compensación por alimentos FPO | D1095: FPO | E1095: 0 | F1095: 400
A1096: 45824 | B1096: 2172 | C1096: Compensación por alimentos LCM | D1096: LCM | E1096: 0 | F1096: 400
A1097: 45824 | B1097: 2172 | C1097: Compensación extra SCP | D1097: SCP | E1097: 0 | F1097: 400
A1098: 45505 | B1098: 2174 | C1098: Pago AGA | D1098: AGA | E1098: 0 | F1098: 400
A1099: 45793 | B1099: 2172 | C1099: Compensación por vacaciones JLP | D1099: JLP | E1099: 0 | F1099: 398.16
A1100: 45459 | B1100: 2136 | C1100: Día inhábil o de descanso MAT | D1100: MAT | E1100: 0 | F1100: 393.45111
A1101: 45824 | B1101: 2133 | C1101: Horas extras JLP | D1101: JLP | E1101: 0 | F1101: 392.83978
A1102: 45627 | B1102: 2172 | C1102: Compensación por vacaciones ACP | D1102: ACP | E1102: 0 | F1102: 391.2
A1103: 45505 | B1103: 2133 | C1103: Horas extras ACP | D1103: ACP | E1103: 0 | F1103: 389.91254
A1104: 45444 | B1104: 2171 | C1104: Comisiones SCP | D1104: SCP | E1104: 0 | F1104: 387.15
A1105: 45366 | B1105: 2171 | C1105: Comisiones SCP | D1105: SCP | E1105: 0 | F1105: 384.5
A1106: 45793 | B1106: 2172 | C1106: Compensación por ingreso mínimo JLP | D1106: JLP | E1106: 0 | F1106: 383.74
... A1219: 45809 | B1219: 2173 | C1219: Bono de puntualidad AAT | D1219: AAT | E1219: 0 | F1219: 291.65867
A1220: 45824 | B1220: 2173 | C1220: Bono de puntualidad AAT | D1220: AAT | E1220: 0 | F1220: 291.65867 | I1220: 285.69
A1221: 45581 | B1221: 2136 | C1221: Día inhábil o de descanso AAT | D1221: AAT | E1221: 0 | F1221: 291.57267
A1222: 45581 | B1222: 2136 | C1222: Día inhábil o de descanso KPS | D1222: KPS | E1222: 0 | F1222: 290.89833
A1223: 45581 | B1223: 2172 | C1223: Compensación por faltas justificadas SCP | D1223: SCP | E1223: 0 | F1223: 287.625
A1224: 45658 | B1224: 2136 | C1224: Día inhábil o de descanso FVC | D1224: FVC | E1224: 0 | F1224: 286.87764
A1225: 45397 | B1225: 2133 | C1225: Horas extras AAT | D1225: AAT | E1225: 0 | F1225: 285.81684
A1226: 45581 | B1226: 2136 | C1226: Día inhábil o de descanso FVC | D1226: FVC | E1226: 0 | F1226: 285.67933
A1227: 45778 | B1227: 2173 | C1227: Bono de puntualidad AAT | D1227: AAT | E1227: 0 | F1227: 285.06667
A1228: 45793 | B1228: 2173 | C1228: Bono de puntualidad AAT | D1228: AAT | E1228: 0 | F1228: 285.06667
A1229: 45763 | B1229: 2132 | C1229: Prima vacacional SCP | D1229: SCP | E1229: 0 | F1229: 285
A1230: 45778 | B1230: 2132 | C1230: Prima vacacional LCM | D1230: LCM | E1230: 0 | F1230: 285
A1231: 45793 | B1231: 2173 | C1231: Bono de puntualidad SCP | D1231: SCP | E1231: 0 | F1231: 284.48613
A1232: 45704 | B1232: 2172 | C1232: Compensación por ingreso mínimo KPS | D1232: KPS | E1232: 0 | F1232: 281.40083
... A1354: 45809 | B1354: 2172 | C1354: Compensación por alimentos SCP | D1354: SCP | E1354: 0 | F1354: 200
A1355: 45824 | B1355: 2172 | C1355: Compensación extra AAT | D1355: AAT | E1355: 0 | F1355: 200 | I1355: 1779.01
A1356: 45824 | B1356: 2172 | C1356: Compensación extra JLP | D1356: JLP | E1356: 0 | F1356: 200
A1357: 45824 | B1357: 2172 | C1357: Compensación extra MGC | D1357: MGC | E1357: 0 | F1357: 200
A1358: 45824 | B1358: 2172 | C1358: Compensación por alimentos SCP | D1358: SCP | E1358: 0 | F1358: 200
A1359: 45778 | B1359: 2174 | C1359: Pago JGG-Nico | D1359: JGG | E1359: 0 | F1359: 200
A1360: 45778 | B1360: 2133 | C1360: Horas extras JLP | D1360: JLP | E1360: 0 | F1360: 198.8537
A1361: 45428 | B1361: 2132 | C1361: Prima vacacional PCS | D1361: PCS | E1361: 0 | F1361: 198.62892
A1362: 45763 | B1362: 2134 | C1362: Prima dominical ACP | D1362: ACP | E1362: 0 | F1362: 195.59111
A1363: 45306 | B1363: 2133 | C1363: Horas extras MAT | D1363: MAT | E1363: 0 | F1363: 195.40694
A1364: 45489 | B1364: 2133 | C1364: Horas extras ACP | D1364: ACP | E1364: 0 | F1364: 194.79704
A1365: 45748 | B1365: 2134 | C1365: Prima dominical AAT | D1365: AAT | E1365: 0 | F1365: 193.58222
A1366: 45809 | B1366: 2173 | C1366: Bono de puntualidad GLP | D1366: GLP | E1366: 0 | F1366: 193.33333
A1367: 45824 | B1367: 2173 | C1367: Bono de puntualidad GLP | D1367: GLP | E1367: 0 | F1367: 193.33333
... A1681: 45459 | B1681: 2813 | C1681: Subsidio para el empleo FVC | D1681: FVC | E1681: 0 | F1681: 125.0339
A1682: 45824 | B1682: 2133 | C1682: Horas extras AAT | D1682: AAT | E1682: 0 | F1682: 124.52205 | I1682: 203.55
A1683: 45809 | B1683: 2134 | C1683: Prima dominical APL | D1683: APL | E1683: 0 | F1683: 124.36014
A1684: 45809 | B1684: 2134 | C1684: Prima dominical SCP | D1684: SCP | E1684: 0 | F1684: 124.05984
A1685: 45306 | B1685: 2173 | C1685: Bono de puntualidad AAT | D1685: AAT | E1685: 0 | F1685: 124
A1686: 45322 | B1686: 2173 | C1686: Bono de puntualidad AAT | D1686: AAT | E1686: 0 | F1686: 124
A1687: 45337 | B1687: 2173 | C1687: Bono de puntualidad AAT | D1687: AAT | E1687: 0 | F1687: 124
A1688: 45337 | B1688: 2173 | C1688: Bono de puntualidad VGG | D1688: VGG | E1688: 0 | F1688: 124
A1689: 45351 | B1689: 2173 | C1689: Bono de puntualidad AAT | D1689: AAT | E1689: 0 | F1689: 124
A1690: 45366 | B1690: 2173 | C1690: Bono de puntualidad FVC | D1690: FVC | E1690: 0 | F1690: 124
A1691: 45382 | B1691: 2173 | C1691: Bono de puntualidad FVC | D1691: FVC | E1691: 0 | F1691: 124
A1692: 45717 | B1692: 2134 | C1692: Prima dominical FVC | D1692: FVC | E1692: 0 | F1692: 122.91296
A1693: 45444 | B1693: 2134 | C1693: Prima dominical ACP | D1693: ACP | E1693: 0 | F1693: 122.63558
A1694: 45474 | B1694: 2134 | C1694: Prima dominical PCS | D1694: PCS | E1694: 0 | F1694: 122.47601
... A1768: 45763 | B1768: 2133 | C1768: Horas extras SCP | D1768: SCP | E1768: 0 | F1768: 110.93767
A1769: 45824 | B1769: 2134 | C1769: Prima dominical AAT | D1769: AAT | E1769: 0 | F1769: 110.9341 | I1769: 108.62
...

Sheet payrollsOrig
A1: Date | B1: Código | C1: Concepto | D1: Beneficiario | E1: Ingreso | F1: Egreso
A2: 45306 | B2: 2111 | C2: Sueldo AAA | D2: AAA | E2: 0 | F2: 3920
A3: 45306 | B3: 2141 | C3: Retención IMSS AAA | D3: AAA | E3: 97.30863 | F3: 0
A4: 45306 | B4: 2812 | C4: Retención ISR AAA | D4: AAA | E4: 305.23085 | F4: 0
A5: 45322 | B5: 2111 | C5: Sueldo AAA | D5: AAA | E5: 0 | F5: 3920
A6: 45322 | B6: 2141 | C6: Retención IMSS AAA | D6: AAA | E6: 103.79587 | F6: 0
A7: 45322 | B7: 2812 | C7: Retención ISR AAA | D7: AAA | E7: 305.23085 | F7: 0
A8: 45337 | B8: 2111 | C8: Sueldo AAA | D8: AAA | E8: 0 | F8: 3920
A9: 45337 | B9: 2141 | C9: Retención IMSS AAA | D9: AAA | E9: 97.30863 | F9: 0
A10: 45337 | B10: 2812 | C10: Retención ISR AAA | D10: AAA | E10: 305.23085 | F10: 0
A11: 45351 | B11: 2111 | C11: Sueldo AAA | D11: AAA | E11: 0 | F11: 3920
A12: 45351 | B12: 2141 | C12: Retención IMSS AAA | D12: AAA | E12: 90.821388 | F12: 0
A13: 45351 | B13: 2812 | C13: Retención ISR AAA | D13: AAA | E13: 305.23085 | F13: 0
... A42: 45322 | B42: 2133 | C42: Horas extras AAT | D42: AAT | E42: 0 | F42: 59.873056
A43: 45322 | B43: 2134 | C43: Prima dominical AAT | D43: AAT | E43: 0 | F43: 39.28066 | H43: 10867
A44: 45322 | B44: 2141 | C44: Retención IMSS AAT | D44: AAT | E44: 49.250082 | F44: 0 | H44: 1592
A45: 45322 | B45: 2171 | C45: Comisiones AAT | D45: AAT | E45: 0 | F45: 882
A46: 45322 | B46: 2172 | C46: Compensación por alimentos AAT | D46: AAT | E46: 0 | F46: 550
A47: 45322 | B47: 2173 | C47: Bono de puntualidad AAT | D47: AAT | E47: 0 | F47: 124
A48: 45322 | B48: 2812 | C48: Retención ISR AAT | D48: AAT | E48: 193.81275 | F48: 0
A49: 45322 | B49: 2813 | C49: Subsidio para el empleo AAT | D49: AAT | E49: 0 | F49: 145.29754
A50: 45337 | B50: 2111 | C50: Sueldo AAT | D50: AAT | E50: 0 | F50: 1860
A51: 45337 | B51: 2133 | C51: Horas extras AAT | D51: AAT | E51: 0 | F51: 81.426667
A52: 45337 | B52: 2134 | C52: Prima dominical AAT | D52: AAT | E52: 0 | F52: 46.569965
A53: 45337 | B53: 2136 | C53: Día inhábil o de descanso AAT | D53: AAT | E53: 0 | F53: 402.20778
A54: 45337 | B54: 2141 | C54: Retención IMSS AAT | D54: AAT | E54: 46.171952 | F54: 0
A55: 45337 | B55: 2171 | C55: Comisiones AAT | D55: AAT | E55: 0 | F55: 781.2
A56: 45337 | B56: 2172 | C56: Compensación por alimentos AAT | D56: AAT | E56: 0 | F56: 450
... A2575: 45366 | B2575: 2812 | C2575: Retención ISR VGG | D2575: VGG | E2575: 18.597911 | F2575: 0

Sheet payrolls_duplicate
A1: Date | B1: Código | C1: Concepto | D1: Beneficiario | E1: Ingreso | F1: Egreso
A2: 45306 | B2: 2111 | C2: Sueldo AAA | D2: AAA | E2: 0 | F2: 3920
A3: 45306 | B3: 2111 | C3: Sueldo AAT | D3: AAT | E3: 0 | F3: 1860
A4: 45306 | B4: 2111 | C4: Sueldo ACP | D4: ACP | E4: 0 | F4: 2203.2
A5: 45306 | B5: 2111 | C5: Sueldo ADG | D5: ADG | E5: 0 | F5: 5445
A6: 45306 | B6: 2111 | C6: Sueldo FVC | D6: FVC | E6: 0 | F6: 1860
A7: 45306 | B7: 2111 | C7: Sueldo JLP | D7: JLP | E7: 0 | F7: 2460.64
A8: 45306 | B8: 2111 | C8: Sueldo MAT | D8: MAT | E8: 0 | F8: 3030
A9: 45306 | B9: 2111 | C9: Sueldo PCS | D9: PCS | E9: 0 | F9: 2203.2
A10: 45306 | B10: 2111 | C10: Sueldo SCP | D10: SCP | E10: 0 | F10: 2642.8929
A11: 45306 | B11: 2111 | C11: Sueldo VGG | D11: VGG | E11: 0 | F11: 1860
A12: 45322 | B12: 2111 | C12: Sueldo AAA | D12: AAA | E12: 0 | F12: 3920
A13: 45322 | B13: 2111 | C13: Sueldo AAT | D13: AAT | E13: 0 | F13: 1860
... A42: 45366 | B42: 2111 | C42: Sueldo AAA | D42: AAA | E42: 0 | F42: 3920
A43: 45366 | B43: 2111 | C43: Sueldo AAT | D43: AAT | E43: 0 | F43: 1934.4 | H43: 10867
A44: 45366 | B44: 2111 | C44: Sueldo ACP | D44: ACP | E44: 0 | F44: 2203.2 | H44: 1592
A45: 45366 | B45: 2111 | C45: Sueldo ADG | D45: ADG | E45: 0 | F45: 5445
A46: 45366 | B46: 2111 | C46: Sueldo FVC | D46: FVC | E46: 0 | F46: 1860
A47: 45366 | B47: 2111 | C47: Sueldo JLP | D47: JLP | E47: 0 | F47: 2361.84
A48: 45366 | B48: 2111 | C48: Sueldo MAT | D48: MAT | E48: 0 | F48: 2626
A49: 45366 | B49: 2111 | C49: Sueldo PCS | D49: PCS | E49: 0 | F49: 2203.2
A50: 45366 | B50: 2111 | C50: Sueldo SCP | D50: SCP | E50: 0 | F50: 3143.8333
A51: 45366 | B51: 2111 | C51: Sueldo VGG | D51: VGG | E51: 0 | F51: 401.17647
A52: 45382 | B52: 2111 | C52: Sueldo AAA | D52: AAA | E52: 0 | F52: 3920
A53: 45382 | B53: 2111 | C53: Sueldo AAT | D53: AAT | E53: 0 | F53: 1934.4
A54: 45382 | B54: 2111 | C54: Sueldo ACP | D54: ACP | E54: 0 | F54: 2203.2
A55: 45382 | B55: 2111 | C55: Sueldo ADG | D55: ADG | E55: 0 | F55: 5445
A56: 45382 | B56: 2111 | C56: Sueldo FVC | D56: FVC | E56: 0 | F56: 1860
... A2772: 45824 | B2772: 2813 | C2772: Subsidio para el empleo SLR | D2772: SLR | E2772: 0 | F2772: 192.38868

Sheet colData
A1: Date | B1: Código | C1: Código | D1: Nombre | E1: Puesto | F1: Jornada | G1: Salario | H1: DIF | I1: IM | J1: SBC | K1: SPD | L1: Forma de pago | M1: IMSS | N1: CURP | O1: IMSS | P1: RFC | Q1: starting | R1: end | S1: seniority | T1: adjusted | U1: hourly | V1: GUARANTEED
A2: 45306 | B2: 24 | C2: AAA | D2: Jesús Adrián Aguilar Ávila | E2: Gerente | F2: 48 | G2: 7840 | H2: =IFERROR(G2-G1,0) -> 0 | I2: 7000 | J2: 273.14703 | K2: 317.88166 | L2: Garantizado | Q2: =VLOOKUP(C2,employees!$A$1:$C$31,2,FALSE()) -> 43647 | R2: =VLOOKUP(C2,employees!$A$1:$C$31,3,FALSE()) -> 45427 | S2: =ORG.OPENOFFICE.YEARS(Q2,A2,0)*0.04 -> 0.16 | T2: =G2/(1+S2) -> 6758.6207 | U2: =T2/4.34/48 -> 32.443456 | V2: =T2/0.6 -> 11264.368
A3: 45306 | B3: 43 | C3: AAT | D3: Alejandra Isabel Ayora Troncoso | E3: Asistente B | F3: 48 | G3: 3720 | H3: =IFERROR(G3-G2,0) -> -4120 | I3: 5100 | J3: 129.60548 | K3: 180.9687 | L3: Formal | Q3: =VLOOKUP(C3,employees!$A$1:$C$31,2,FALSE()) -> 44942 | R3: =VLOOKUP(C3,employees!$A$1:$C$31,3,FALSE()) -> Present | S3: =ORG.OPENOFFICE.YEARS(Q3,A3,0)*0.04 -> 0 | T3: =G3/(1+S3) -> 3720 | U3: =T3/4.34/48 -> 17.857143 | V3: =T3/0.6 -> 6200
A4: 45306 | B4: 41 | C4: ACP | D4: Amayrani Chan Pique | E4: Asistente A | F4: 48 | G4: 4406.4 | H4: =IFERROR(G4-G3,0) -> 686.4 | I4: 5700 | J4: 153.51978 | K4: 236.13734 | L4: Formal | Q4: =VLOOKUP(C4,employees!$A$1:$C$31,2,FALSE()) -> 44495 | R4: =VLOOKUP(C4,employees!$A$1:$C$31,3,FALSE()) -> 45767 | S4: =ORG.OPENOFFICE.YEARS(Q4,A4,0)*0.04 -> 0.08 | T4: =G4/(1+S4) -> 4080 | U4: =T4/4.34/48 -> 19.585253 | V4: =T4/0.6 -> 6800
A5: 45306 | B5: 4 | C5: ADG | D5: Aida Adriana García Aguilar | E5: Directora administrativa | F5: 48 | G5: 10890 | H5: =IFERROR(G5-G4,0) -> 6483.6 | I5: 9000 | J5: 379.40959 | K5: 320.05479 | L5: Garantizado | Q5: =VLOOKUP(C5,employees!$A$1:$C$31,2,FALSE()) -> 42720 | R5: =VLOOKUP(C5,employees!$A$1:$C$31,3,FALSE()) -> 45427 | S5: =ORG.OPENOFFICE.YEARS(Q5,A5,0)*0.04 -> 0.28 | T5: =G5/(1+S5) -> 8507.8125 | U5: =T5/4.34/48 -> 40.840114 | V5: =T5/0.6 -> 14179.688
A6: 45306 | B6: 47 | C6: FCB | D6: Felisa Andrea Ceballos Balam | E6: Pasante | F6: 27 | G6: 1406.25 | H6: =IFERROR(G6-G5,0) -> -9483.75 | I6: 1406.25 | J6: 48.994007 | K6: 68.610169 | L6: Informal | Q6: =VLOOKUP(C6,employees!$A$1:$C$31,2,FALSE()) -> 45173 | R6: =VLOOKUP(C6,employees!$A$1:$C$31,3,FALSE()) -> 45550 | S6: =ORG.OPENOFFICE.YEARS(Q6,A6,0)*0.04 -> 0 | T6: =G6/(1+S6) -> 1406.25 | U6: =T6/4.34/48 -> 6.750432 | V6: =T6/0.6 -> 2343.75
A7: 45306 | B7: 44 | C7: FVC | D7: Felix Jared Velazquez Couoh | E7: Asistente B | F7: 48 | G7: 3720 | H7: =IFERROR(G7-G6,0) -> 2313.75 | I7: 5100 | J7: 129.60548 | K7: 181.57021 | L7: Formal | Q7: =VLOOKUP(C7,employees!$A$1:$C$31,2,FALSE()) -> 44999 | R7: =VLOOKUP(C7,employees!$A$1:$C$31,3,FALSE()) -> 45788 | S7: =ORG.OPENOFFICE.YEARS(Q7,A7,0)*0.04 -> 0 | T7: =G7/(1+S7) -> 3720 | U7: =T7/4.34/48 -> 17.857143 | V7: =T7/0.6 -> 6200
A8: 45306 | B8: 33 | C8: JLP | D8: José Luis López Pérez | E8: Veterinario B | F8: 48 | G8: 5272.8 | H8: =IFERROR(G8-G7,0) -> 1552.8 | I8: 7200 | J8: 183.70532 | K8: 338.86076 | L8: Formal | Q8: =VLOOKUP(C8,employees!$A$1:$C$31,2,FALSE()) -> 43854 | R8: =VLOOKUP(C8,employees!$A$1:$C$31,3,FALSE()) -> Present | S8: =ORG.OPENOFFICE.YEARS(Q8,A8,0)*0.04 -> 0.12 | T8: =G8/(1+S8) -> 4707.8571 | U8: =T8/4.34/48 -> 22.599161 | V8: =T8/0.6 -> 7846.4286
A9: 45306 | B9: 42 | C9: LCM | D9: Lizeth Haydee Canul Manzanilla | E9: Pasante | F9: 36 | G9: 1950 | H9: =IFERROR(G9-G8,0) -> -3322.8 | I9: 1875 | J9: 67.938356 | K9: 108.9611 | L9: Informal | Q9: =VLOOKUP(C9,employees!$A$1:$C$31,2,FALSE()) -> 44908 | R9: =VLOOKUP(C9,employees!$A$1:$C$31,3,FALSE()) -> Present | S9: =ORG.OPENOFFICE.YEARS(Q9,A9,0)*0.04 -> 0.04 | T9: =G9/(1+S9) -> 1875 | U9: =T9/4.34/48 -> 9.000576 | V9: =T9/0.6 -> 3125
A10: 45306 | B10: 18 | C10: MAT | D10: María de Lourdes Avendaño Talarico | E10: Veterinario A | F10: 48 | G10: 6060 | H10: =IFERROR(G10-G9,0) -> 4110 | I10: 9600 | J10: 211.13151 | K10: 628.83209 | L10: Formal | Q10: =VLOOKUP(C10,employees!$A$1:$C$31,2,FALSE()) -> 43327 | R10: =VLOOKUP(C10,employees!$A$1:$C$31,3,FALSE()) -> Present | S10: =ORG.OPENOFFICE.YEARS(Q10,A10,0)*0.04 -> 0.2 | T10: =G10/(1+S10) -> 5050 | U10: =T10/4.34/48 -> 24.241551 | V10: =T10/0.6 -> 8416.6667
A11: 45306 | B11: 39 | C11: PCS | D11: Paola Aracely Carvajal Sanchez | E11: Asistente A | F11: 48 | G11: 4406.4 | H11: =IFERROR(G11-G10,0) -> -1653.6 | I11: 5700 | J11: 153.51978 | K11: 241.6964 | L11: Formal | Q11: =VLOOKUP(C11,employees!$A$1:$C$31,2,FALSE()) -> 44396 | R11: =VLOOKUP(C11,employees!$A$1:$C$31,3,FALSE()) -> 45766 | S11: =ORG.OPENOFFICE.YEARS(Q11,A11,0)*0.04 -> 0.08 | T11: =G11/(1+S11) -> 4080 | U11: =T11/4.34/48 -> 19.585253 | V11: =T11/0.6 -> 6800
A12: 45306 | B12: 2 | C12: RGL | D12: Rafael Augusto García López | E12: Director médico | F12: 48 | G12: 32550 | H12: =IFERROR(G12-G11,0) -> 28143.6 | I12: 0 | J12: 0 | K12: 142.94795 | L12: NA | Q12: =VLOOKUP(C12,employees!$A$1:$C$31,2,FALSE()) -> 42705 | R12: =VLOOKUP(C12,employees!$A$1:$C$31,3,FALSE()) -> Present | S12: =ORG.OPENOFFICE.YEARS(Q12,A12,0)*0.04 -> 0.28 | T12: =G12/(1+S12) -> 25429.688 | U12: =T12/4.34/48 -> 122.07031 | V12: =T12/0.6 -> 42382.812
A13: 45306 | B13: 12 | C13: SCP | D13: Silvia Guadalupe Colmenares Piña | E13: Recepcionista | F13: 42 | G13: 7255 | H13: =IFERROR(G13-G12,0) -> -25295 | I13: 5250 | J13: 252.76553 | K13: 211.27988 | L13: Formal | Q13: =VLOOKUP(C13,employees!$A$1:$C$31,2,FALSE()) -> 43011 | R13: =VLOOKUP(C13,employees!$A$1:$C$31,3,FALSE()) -> Present | S13: =ORG.OPENOFFICE.YEARS(Q13,A13,0)*0.04 -> 0.24 | T13: =G13/(1+S13) -> 5850.8065 | U13: =T13/4.34/48 -> 28.085668 | V13: =T13/0.6 -> 9751.3441
... A15: 45306 | B15: 45 | C15: VGG | D15: Victoria del Carmen Garcia Gonzalez | E15: Asistente B | F15: 48 | G15: 3720 | H15: =IFERROR(G15-G14,0) -> 2574.1667 | I15: 5100 | J15: 129.60548 | K15: 159.92451 | L15: Formal | Q15: =VLOOKUP(C15,employees!$A$1:$C$31,2,FALSE()) -> 45063 | R15: =VLOOKUP(C15,employees!$A$1:$C$31,3,FALSE()) -> 45355 | S15: =ORG.OPENOFFICE.YEARS(Q15,A15,0)*0.04 -> 0 | T15: =G15/(1+S15) -> 3720 | U15: =T15/4.34/48 -> 17.857143 | V15: =T15/0.6 -> 6200
A16: 45322 | B16: 24 | C16: AAA | D16: Jesús Adrián Aguilar Ávila | E16: Gerente | F16: 48 | G16: 7840 | H16: =IFERROR(G16-G15,0) -> 4120 | I16: 7000 | J16: 273.14703 | K16: 317.88166 | L16: Garantizado | Q16: =VLOOKUP(C16,employees!$A$1:$C$31,2,FALSE()) -> 43647 | R16: =VLOOKUP(C16,employees!$A$1:$C$31,3,FALSE()) -> 45427 | S16: =ORG.OPENOFFICE.YEARS(Q16,A16,0)*0.025 -> 0.1 | T16: =G16/(1+S16) -> 7127.2727
A17: 45322 | B17: 43 | C17: AAT | D17: Alejandra Isabel Ayora Troncoso | E17: Asistente B | F17: 48 | G17: 3720 | H17: =IFERROR(G17-G16,0) -> -4120 | I17: 5100 | J17: 129.60548 | K17: 180.9687 | L17: Formal | Q17: =VLOOKUP(C17,employees!$A$1:$C$31,2,FALSE()) -> 44942 | R17: =VLOOKUP(C17,employees!$A$1:$C$31,3,FALSE()) -> Present | S17: =ORG.OPENOFFICE.YEARS(Q17,A17,0)*0.025 -> 0.025 | T17: =G17/(1+S17) -> 3629.2683
A18: 45322 | B18: 41 | C18: ACP | D18: Amayrani Chan Pique | E18: Asistente A | F18: 48 | G18: 4406.4 | H18: =IFERROR(G18-G17,0) -> 686.4 | I18: 5700 | J18: 153.51978 | K18: 236.13734 | L18: Formal | Q18: =VLOOKUP(C18,employees!$A$1:$C$31,2,FALSE()) -> 44495 | R18: =VLOOKUP(C18,employees!$A$1:$C$31,3,FALSE()) -> 45767 | S18: =ORG.OPENOFFICE.YEARS(Q18,A18,0)*0.025 -> 0.05 | T18: =G18/(1+S18) -> 4196.5714
A19: 45322 | B19: 4 | C19: ADG | D19: Aida Adriana García Aguilar | E19: Directora administrativa | F19: 48 | G19: 10890 | H19: =IFERROR(G19-G18,0) -> 6483.6 | I19: 9000 | J19: 379.40959 | K19: 320.05479 | L19: Garantizado | Q19: =VLOOKUP(C19,employees!$A$1:$C$31,2,FALSE()) -> 42720 | R19: =VLOOKUP(C19,employees!$A$1:$C$31,3,FALSE()) -> 45427 | S19: =ORG.OPENOFFICE.YEARS(Q19,A19,0)*0.025 -> 0.175 | T19: =G19/(1+S19) -> 9268.0851
A20: 45322 | B20: 47 | C20: FCB | D20: Felisa Andrea Ceballos Balam | E20: Pasante | F20: 27 | G20: 1406.25 | H20: =IFERROR(G20-G19,0) -> -9483.75 | I20: 1406.25 | J20: 48.994007 | K20: 68.610169 | L20: Informal | Q20: =VLOOKUP(C20,employees!$A$1:$C$31,2,FALSE()) -> 45173 | R20: =VLOOKUP(C20,employees!$A$1:$C$31,3,FALSE()) -> 45550 | S20: =ORG.OPENOFFICE.YEARS(Q20,A20,0)*0.025 -> 0 | T20: =G20/(1+S20) -> 1406.25
A21: 45322 | B21: 44 | C21: FVC | D21: Felix Jared Velazquez Couoh | E21: Asistente B | F21: 48 | G21: 3720 | H21: =IFERROR(G21-G20,0) -> 2313.75 | I21: 5100 | J21: 129.60548 | K21: 181.57021 | L21: Formal | Q21: =VLOOKUP(C21,employees!$A$1:$C$31,2,FALSE()) -> 44999 | R21: =VLOOKUP(C21,employees!$A$1:$C$31,3,FALSE()) -> 45788 | S21: =ORG.OPENOFFICE.YEARS(Q21,A21,0)*0.025 -> 0 | T21: =G21/(1+S21) -> 3720
A22: 45322 | B22: 33 | C22: JLP | D22: José Luis López Pérez | E22: Veterinario B | F22: 48 | G22: 5272.8 | H22: =IFERROR(G22-G21,0) -> 1552.8 | I22: 7200 | J22: 183.70532 | K22: 338.86076 | L22: Formal | Q22: =VLOOKUP(C22,employees!$A$1:$C$31,2,FALSE()) -> 43854 | R22: =VLOOKUP(C22,employees!$A$1:$C$31,3,FALSE()) -> Present | S22: =ORG.OPENOFFICE.YEARS(Q22,A22,0)*0.025 -> 0.1 | T22: =G22/(1+S22) -> 4793.4545
A23: 45322 | B23: 42 | C23: LCM | D23: Lizeth Haydee Canul Manzanilla | E23: Pasante | F23: 36 | G23: 1950 | H23: =IFERROR(G23-G22,0) -> -3322.8 | I23: 1875 | J23: 67.938356 | K23: 108.9611 | L23: Informal | Q23: =VLOOKUP(C23,employees!$A$1:$C$31,2,FALSE()) -> 44908 | R23: =VLOOKUP(C23,employees!$A$1:$C$31,3,FALSE()) -> Present | S23: =ORG.OPENOFFICE.YEARS(Q23,A23,0)*0.025 -> 0.025 | T23: =G23/(1+S23) -> 1902.439
A24: 45322 | B24: 18 | C24: MAT | D24: María de Lourdes Avendaño Talarico | E24: Veterinario A | F24: 48 | G24: 6060 | H24: =IFERROR(G24-G23,0) -> 4110 | I24: 9600 | J24: 211.13151 | K24: 628.83209 | L24: Formal | Q24: =VLOOKUP(C24,employees!$A$1:$C$31,2,FALSE()) -> 43327 | R24: =VLOOKUP(C24,employees!$A$1:$C$31,3,FALSE()) -> Present | S24: =ORG.OPENOFFICE.YEARS(Q24,A24,0)*0.025 -> 0.125 | T24: =G24/(1+S24) -> 5386.6667
A25: 45322 | B25: 39 | C25: PCS | D25: Paola Aracely Carvajal Sanchez | E25: Asistente A | F25: 48 | G25: 4406.4 | H25: =IFERROR(G25-G24,0) -> -1653.6 | I25: 5700 | J25: 153.51978 | K25: 241.6964 | L25: Formal | Q25: =VLOOKUP(C25,employees!$A$1:$C$31,2,FALSE()) -> 44396 | R25: =VLOOKUP(C25,employees!$A$1:$C$31,3,FALSE()) -> 45766 | S25: =ORG.OPENOFFICE.YEARS(Q25,A25,0)*0.025 -> 0.05 | T25: =G25/(1+S25) -> 4196.5714
A26: 45322 | B26: 2 | C26: RGL | D26: Rafael Augusto García López | E26: Director médico | F26: 48 | G26: 0 | H26: =IFERROR(G26-G25,0) -> -4406.4 | I26: 0 | J26: 0 | K26: 142.94795 | L26: NA | Q26: =VLOOKUP(C26,employees!$A$1:$C$31,2,FALSE()) -> 42705 | R26: =VLOOKUP(C26,employees!$A$1:$C$31,3,FALSE()) -> Present | S26: =ORG.OPENOFFICE.YEARS(Q26,A26,0)*0.025 -> 0.175 | T26: =G26/(1+S26) -> 0
A27: 45322 | B27: 12 | C27: SCP | D27: Silvia Guadalupe Colmenares Piña | E27: Recepcionista | F27: 42 | G27: 7255 | H27: =IFERROR(G27-G26,0) -> 7255 | I27: 5250 | J27: 252.76553 | K27: 211.27988 | L27: Formal | Q27: =VLOOKUP(C27,employees!$A$1:$C$31,2,FALSE()) -> 43011 | R27: =VLOOKUP(C27,employees!$A$1:$C$31,3,FALSE()) -> Present | S27: =ORG.OPENOFFICE.YEARS(Q27,A27,0)*0.025 -> 0.15 | T27: =G27/(1+S27) -> 6308.6957
... A83: 45382 | B83: 12 | C83: SCP | D83: Silvia Guadalupe Colmenares Piña | E83: Recepcionista | F83: 42 | G83: 7255 | H83: =IFERROR(G83-G82,0) -> 7255 | I83: 5250 | J83: 252.76553 | K83: 230.92894 | L83: Formal | Q83: =VLOOKUP(C83,employees!$A$1:$C$31,2,FALSE()) -> 43011 | R83: =VLOOKUP(C83,employees!$A$1:$C$31,3,FALSE()) -> Present | S83: =ORG.OPENOFFICE.YEARS(Q83,A83,0)*0.025 -> 0.15 | T83: =G83/(1+S83) -> 6308.6957
A84: 45397 | B84: 24 | C84: AAA | D84: Jesús Adrián Aguilar Ávila | E84: Gerente | F84: 48 | G84: 7840 | H84: =IFERROR(G84-G83,0) -> 585 | I84: 7000 | J84: 273.14703 | K84: 325.82521 | L84: Garantizado | M84: 1 | N84: AUAJ871013HYNGVS02 | O84: 3168785453 | P84: AUAJ871013LM6 | Q84: =VLOOKUP(C84,employees!$A$1:$C$31,2,FALSE()) -> 43647 | R84: =VLOOKUP(C84,employees!$A$1:$C$31,3,FALSE()) -> 45427 | S84: =ORG.OPENOFFICE.YEARS(Q84,A84,0)*0.025 -> 0.1 | T84: =G84/(1+S84) -> 7127.2727
A85: 45397 | B85: 43 | C85: AAT | D85: Alejandra Isabel Ayora Troncoso | E85: Asistente A | F85: 48 | G85: 4243.2 | H85: =IFERROR(G85-G84,0) -> -3596.8 | I85: 5700 | J85: 218.04524 | K85: 198.63395 | L85: Formal | M85: 1 | N85: AOTA990618MYNYRL05 | O85: 14139978077 | P85: AOTA990618RA9 | Q85: =VLOOKUP(C85,employees!$A$1:$C$31,2,FALSE()) -> 44942 | R85: =VLOOKUP(C85,employees!$A$1:$C$31,3,FALSE()) -> Present | S85: =ORG.OPENOFFICE.YEARS(Q85,A85,0)*0.025 -> 0.025 | T85: =G85/(1+S85) -> 4139.7073
A86: 45397 | B86: 41 | C86: ACP | D86: Amayrani Chan Pique | E86: Veterinario B | F86: 48 | G86: 4795.2 | H86: =IFERROR(G86-G85,0) -> 552 | I86: 7200 | J86: 265.65195 | K86: 255.30755 | L86: Formal | M86: 1 | N86: CAPA970614MYNHQM01 | O86: 1139778375 | P86: CAPA970614622 | Q86: =VLOOKUP(C86,employees!$A$1:$C$31,2,FALSE()) -> 44495 | R86: =VLOOKUP(C86,employees!$A$1:$C$31,3,FALSE()) -> 45767 | S86: =ORG.OPENOFFICE.YEARS(Q86,A86,0)*0.025 -> 0.05 | T86: =G86/(1+S86) -> 4566.8571
A87: 45397 | B87: 4 | C87: ADG | D87: Aida Adriana García Aguilar | E87: Directora administrativa | F87: 48 | G87: 10890 | H87: =IFERROR(G87-G86,0) -> 6094.8 | I87: 9000 | J87: 379.40959 | K87: 334.79508 | L87: Garantizado | M87: 1 | N87: GAAA900526MPLRGD00 | O87: 3149097176 | P87: GAAA900526IQ1 | Q87: =VLOOKUP(C87,employees!$A$1:$C$31,2,FALSE()) -> 42720 | R87: =VLOOKUP(C87,employees!$A$1:$C$31,3,FALSE()) -> 45427 | S87: =ORG.OPENOFFICE.YEARS(Q87,A87,0)*0.025 -> 0.175 | T87: =G87/(1+S87) -> 9268.0851
A88: 45397 | B88: 47 | C88: FCB | D88: Felisa Andrea Ceballos Balam | E88: Pasante | F88: 35 | G88: 3011.249 | H88: =IFERROR(G88-G87,0) -> -7878.751 | I88: 2281.249 | J88: 76.594007 | K88: 81.787219 | L88: Por horas | M88: 0 | N88: CEBF010615MYNBLLA0 | Q88: =VLOOKUP(C88,employees!$A$1:$C$31,2,FALSE()) -> 45173 | R88: =VLOOKUP(C88,employees!$A$1:$C$31,3,FALSE()) -> 45550 | S88: =ORG.OPENOFFICE.YEARS(Q88,A88,0)*0.025 -> 0 | T88: =G88/(1+S88) -> 3011.249
A89: 45397 | B89: 44 | C89: FVC | D89: Felix Jared Velazquez Couoh | E89: Asistente A | F89: 48 | G89: 4243.2 | H89: =IFERROR(G89-G88,0) -> 1231.951 | I89: 5700 | J89: 183.29465 | K89: 194.51967 | L89: Formal | M89: 1 | N89: VECF981022HYNLHL04 | P89: VECF9810224E2 | Q89: =VLOOKUP(C89,employees!$A$1:$C$31,2,FALSE()) -> 44999 | R89: =VLOOKUP(C89,employees!$A$1:$C$31,3,FALSE()) -> 45788 | S89: =ORG.OPENOFFICE.YEARS(Q89,A89,0)*0.025 -> 0.025 | T89: =G89/(1+S89) -> 4139.7073
A90: 45397 | B90: 33 | C90: JLP | D90: José Luis López Pérez | E90: Veterinario B | F90: 48 | G90: 5450.4 | H90: =IFERROR(G90-G89,0) -> 1207.2 | I90: 7200 | J90: 337.38258 | K90: 346.38204 | L90: Formal | M90: 1 | N90: LOPL931009HCSPRS05 | O90: 62169374543 | P90: LOPL9310092R8 | Q90: =VLOOKUP(C90,employees!$A$1:$C$31,2,FALSE()) -> 43854 | R90: =VLOOKUP(C90,employees!$A$1:$C$31,3,FALSE()) -> Present | S90: =ORG.OPENOFFICE.YEARS(Q90,A90,0)*0.025 -> 0.1 | T90: =G90/(1+S90) -> 4954.9091
A91: 45397 | B91: 42 | C91: LCM | D91: Lizeth Haydee Canul Manzanilla | E91: Pasante | F91: 37 | G91: 3278.0703 | H91: =IFERROR(G91-G90,0) -> -2172.3297 | I91: 2411.606 | J91: 120.84981 | K91: 118.1583 | L91: Por horas | M91: 0 | N91: CAML980925MYNNNZ09 | Q91: =VLOOKUP(C91,employees!$A$1:$C$31,2,FALSE()) -> 44908 | R91: =VLOOKUP(C91,employees!$A$1:$C$31,3,FALSE()) -> Present | S91: =ORG.OPENOFFICE.YEARS(Q91,A91,0)*0.025 -> 0.025 | T91: =G91/(1+S91) -> 3198.1173
A92: 45397 | B92: 18 | C92: MAT | D92: María de Lourdes Avendaño Talarico | E92: Veterinario A | F92: 48 | G92: 6060 | H92: =IFERROR(G92-G91,0) -> 2781.9297 | I92: 9600 | J92: 679.95399 | K92: 685.77479 | L92: Formal | M92: 1 | N92: AETL911129MCSVLR02 | O92: 62169127248 | P92: AETL911129HI5 | Q92: =VLOOKUP(C92,employees!$A$1:$C$31,2,FALSE()) -> 43327 | R92: =VLOOKUP(C92,employees!$A$1:$C$31,3,FALSE()) -> Present | S92: =ORG.OPENOFFICE.YEARS(Q92,A92,0)*0.025 -> 0.125 | T92: =G92/(1+S92) -> 5386.6667
A93: 45397 | B93: 39 | C93: PCS | D93: Paola Aracely Carvajal Sanchez | E93: Veterinario B | F93: 48 | G93: 4795.2 | H93: =IFERROR(G93-G92,0) -> -1264.8 | I93: 7200 | J93: 257.48464 | K93: 264.83856 | L93: Formal | M93: 1 | N93: CASP960514MYNRNL01 | O93: 1139669566 | Q93: =VLOOKUP(C93,employees!$A$1:$C$31,2,FALSE()) -> 44396 | R93: =VLOOKUP(C93,employees!$A$1:$C$31,3,FALSE()) -> 45766 | S93: =ORG.OPENOFFICE.YEARS(Q93,A93,0)*0.025 -> 0.05 | T93: =G93/(1+S93) -> 4566.8571
A94: 45397 | B94: 2 | C94: RGL | D94: Rafael Augusto García López | E94: Director médico | F94: 48 | G94: 0 | H94: =IFERROR(G94-G93,0) -> -4795.2 | I94: 0 | J94: 0 | K94: 0 | L94: NA | M94: 0 | N94: GALR671117HYNRPF07 | O94: 84936700065 | P94: GALR6711178Z9 | Q94: =VLOOKUP(C94,employees!$A$1:$C$31,2,FALSE()) -> 42705 | R94: =VLOOKUP(C94,employees!$A$1:$C$31,3,FALSE()) -> Present | S94: =ORG.OPENOFFICE.YEARS(Q94,A94,0)*0.025 -> 0.175 | T94: =G94/(1+S94) -> 0
A95: 45397 | B95: 12 | C95: SCP | D95: Silvia Guadalupe Colmenares Piña | E95: Recepcionista | F95: 42 | G95: 7255 | H95: =IFERROR(G95-G94,0) -> 7255 | I95: 5250 | J95: 252.76553 | K95: 230.92894 | L95: Formal | M95: 1 | N95: COPS701129MDFLXL05 | O95: 7887006380 | P95: COPS7011291S6 | Q95: =VLOOKUP(C95,employees!$A$1:$C$31,2,FALSE()) -> 43011 | R95: =VLOOKUP(C95,employees!$A$1:$C$31,3,FALSE()) -> Present | S95: =ORG.OPENOFFICE.YEARS(Q95,A95,0)*0.025 -> 0.15 | T95: =G95/(1+S95) -> 6308.6957
A96: 45397 | B96: 46 | C96: SNA | D96: Sandra Guadalupe Narvaez Arjona | E96: Pasante | F96: 22 | G96: 1433.9279 | H96: =IFERROR(G96-G95,0) -> -5821.0721 | I96: 1433.9279 | J96: 71.424283 | K96: 77.371321 | L96: Informal | M96: 0 | N96: NAAS001204MYNRRNA1 | P96: VECF9810224E2 | Q96: =VLOOKUP(C96,employees!$A$1:$C$31,2,FALSE()) -> 45166 | R96: =VLOOKUP(C96,employees!$A$1:$C$31,3,FALSE()) -> 45641 | S96: =ORG.OPENOFFICE.YEARS(Q96,A96,0)*0.025 -> 0 | T96: =G96/(1+S96) -> 1433.9279
A97: 45412 | B97: 4 | C97: ADG | D97: Aida Adriana García Aguilar | E97: Directora administrativa | F97: 48 | G97: 10890 | H97: =IFERROR(G97-G96,0) -> 9456.0721 | I97: 9000 | J97: 379.40959 | K97: 334.79508 | L97: Garantizado | Q97: =VLOOKUP(C97,employees!$A$1:$C$31,2,FALSE()) -> 42720 | R97: =VLOOKUP(C97,employees!$A$1:$C$31,3,FALSE()) -> 45427 | S97: =ORG.OPENOFFICE.YEARS(Q97,A97,0)*0.025 -> 0.175 | T97: =G97/(1+S97) -> 9268.0851
A98: 45413 | B98: 24 | C98: AAA | D98: Jesús Adrián Aguilar Ávila | E98: Gerente | F98: 48 | G98: 7840 | H98: =IFERROR(G98-G97,0) -> -3050 | I98: 7000 | J98: 273.14703 | K98: 325.82521 | L98: Garantizado | M98: 1 | N98: AUAJ871013HYNGVS02 | O98: 3168785453 | P98: AUAJ871013LM6 | Q98: =VLOOKUP(C98,employees!$A$1:$C$31,2,FALSE()) -> 43647 | R98: =VLOOKUP(C98,employees!$A$1:$C$31,3,FALSE()) -> 45427 | S98: =ORG.OPENOFFICE.YEARS(Q98,A98,0)*0.025 -> 0.1 | T98: =G98/(1+S98) -> 7127.2727
A99: 45413 | B99: 43 | C99: AAT | D99: Alejandra Isabel Ayora Troncoso | E99: Asistente A | F99: 48 | G99: 4243.2 | H99: =IFERROR(G99-G98,0) -> -3596.8 | I99: 5700 | J99: 218.04524 | K99: 198.63395 | L99: Formal | M99: 1 | N99: AOTA990618MYNYRL05 | O99: 14139978077 | P99: AOTA990618RA9 | Q99: =VLOOKUP(C99,employees!$A$1:$C$31,2,FALSE()) -> 44942 | R99: =VLOOKUP(C99,employees!$A$1:$C$31,3,FALSE()) -> Present | S99: =ORG.OPENOFFICE.YEARS(Q99,A99,0)*0.025 -> 0.025 | T99: =G99/(1+S99) -> 4139.7073
A100: 45413 | B100: 41 | C100: ACP | D100: Amayrani Chan Pique | E100: Veterinario B | F100: 48 | G100: 4795.2 | H100: =IFERROR(G100-G99,0) -> 552 | I100: 7200 | J100: 265.65195 | K100: 255.30755 | L100: Formal | M100: 1 | N100: CAPA970614MYNHQM01 | O100: 1139778375 | P100: CAPA970614622 | Q100: =VLOOKUP(C100,employees!$A$1:$C$31,2,FALSE()) -> 44495 | R100: =VLOOKUP(C100,employees!$A$1:$C$31,3,FALSE()) -> 45767 | S100: =ORG.OPENOFFICE.YEARS(Q100,A100,0)*0.025 -> 0.05 | T100: =G100/(1+S100) -> 4566.8571
A101: 45413 | B101: 4 | C101: ADG | D101: Aida Adriana García Aguilar | E101: Directora administrativa | F101: 48 | G101: 10890 | H101: =IFERROR(G101-G100,0) -> 6094.8 | I101: 9000 | J101: 379.40959 | K101: 334.79508 | L101: Garantizado | M101: 1 | N101: GAAA900526MPLRGD00 | O101: 3149097176 | P101: GAAA900526IQ1 | Q101: =VLOOKUP(C101,employees!$A$1:$C$31,2,FALSE()) -> 42720 | R101: =VLOOKUP(C101,employees!$A$1:$C$31,3,FALSE()) -> 45427 | S101: =ORG.OPENOFFICE.YEARS(Q101,A101,0)*0.025 -> 0.175 | T101: =G101/(1+S101) -> 9268.0851
A102: 45413 | B102: 47 | C102: FCB | D102: Felisa Andrea Ceballos Balam | E102: Pasante | F102: 35 | G102: 3011.249 | H102: =IFERROR(G102-G101,0) -> -7878.751 | I102: 2281.249 | J102: 76.594007 | K102: 81.787219 | L102: Por horas | M102: 0 | N102: CEBF010615MYNBLLA0 | Q102: =VLOOKUP(C102,employees!$A$1:$C$31,2,FALSE()) -> 45173 | R102: =VLOOKUP(C102,employees!$A$1:$C$31,3,FALSE()) -> 45550 | S102: =ORG.OPENOFFICE.YEARS(Q102,A102,0)*0.025 -> 0 | T102: =G102/(1+S102) -> 3011.249
A103: 45413 | B103: 44 | C103: FVC | D103: Felix Jared Velazquez Couoh | E103: Asistente A | F103: 48 | G103: 4243.2 | H103: =IFERROR(G103-G102,0) -> 1231.951 | I103: 5700 | J103: 183.29465 | K103: 194.51967 | L103: Formal | M103: 1 | N103: VECF981022HYNLHL04 | P103: VECF9810224E2 | Q103: =VLOOKUP(C103,employees!$A$1:$C$31,2,FALSE()) -> 44999 | R103: =VLOOKUP(C103,employees!$A$1:$C$31,3,FALSE()) -> 45788 | S103: =ORG.OPENOFFICE.YEARS(Q103,A103,0)*0.025 -> 0.025 | T103: =G103/(1+S103) -> 4139.7073
A104: 45413 | B104: 33 | C104: JLP | D104: José Luis López Pérez | E104: Veterinario B | F104: 48 | G104: 5450.4 | H104: =IFERROR(G104-G103,0) -> 1207.2 | I104: 7200 | J104: 337.38258 | K104: 346.38204 | L104: Formal | M104: 1 | N104: LOPL931009HCSPRS05 | O104: 62169374543 | P104: LOPL9310092R8 | Q104: =VLOOKUP(C104,employees!$A$1:$C$31,2,FALSE()) -> 43854 | R104: =VLOOKUP(C104,employees!$A$1:$C$31,3,FALSE()) -> Present | S104: =ORG.OPENOFFICE.YEARS(Q104,A104,0)*0.025 -> 0.1 | T104: =G104/(1+S104) -> 4954.9091
A105: 45413 | B105: 42 | C105: LCM | D105: Lizeth Haydee Canul Manzanilla | E105: Pasante | F105: 37 | G105: 3278.0703 | H105: =IFERROR(G105-G104,0) -> -2172.3297 | I105: 2411.606 | J105: 120.84981 | K105: 118.1583 | L105: Por horas | M105: 0 | N105: CAML980925MYNNNZ09 | Q105: =VLOOKUP(C105,employees!$A$1:$C$31,2,FALSE()) -> 44908 | R105: =VLOOKUP(C105,employees!$A$1:$C$31,3,FALSE()) -> Present | S105: =ORG.OPENOFFICE.YEARS(Q105,A105,0)*0.025 -> 0.025 | T105: =G105/(1+S105) -> 3198.1173
A106: 45413 | B106: 18 | C106: MAT | D106: María de Lourdes Avendaño Talarico | E106: Veterinario A | F106: 48 | G106: 6060 | H106: =IFERROR(G106-G105,0) -> 2781.9297 | I106: 9600 | J106: 679.95399 | K106: 685.77479 | L106: Formal | M106: 1 | N106: AETL911129MCSVLR02 | O106: 62169127248 | P106: AETL911129HI5 | Q106: =VLOOKUP(C106,employees!$A$1:$C$31,2,FALSE()) -> 43327 | R106: =VLOOKUP(C106,employees!$A$1:$C$31,3,FALSE()) -> Present | S106: =ORG.OPENOFFICE.YEARS(Q106,A106,0)*0.025 -> 0.125 | T106: =G106/(1+S106) -> 5386.6667
A107: 45413 | B107: 39 | C107: PCS | D107: Paola Aracely Carvajal Sanchez | E107: Veterinario B | F107: 48 | G107: 4795.2 | H107: =IFERROR(G107-G106,0) -> -1264.8 | I107: 7200 | J107: 257.48464 | K107: 264.83856 | L107: Formal | M107: 1 | N107: CASP960514MYNRNL01 | O107: 1139669566 | Q107: =VLOOKUP(C107,employees!$A$1:$C$31,2,FALSE()) -> 44396 | R107: =VLOOKUP(C107,employees!$A$1:$C$31,3,FALSE()) -> 45766 | S107: =ORG.OPENOFFICE.YEARS(Q107,A107,0)*0.025 -> 0.05 | T107: =G107/(1+S107) -> 4566.8571
A108: 45413 | B108: 2 | C108: RGL | D108: Rafael Augusto García López | E108: Director médico | F108: 48 | G108: 0 | H108: =IFERROR(G108-G107,0) -> -4795.2 | I108: 0 | J108: 0 | K108: 0 | L108: NA | M108: 0 | N108: GALR671117HYNRPF07 | O108: 84936700065 | P108: GALR6711178Z9 | Q108: =VLOOKUP(C108,employees!$A$1:$C$31,2,FALSE()) -> 42705 | R108: =VLOOKUP(C108,employees!$A$1:$C$31,3,FALSE()) -> Present | S108: =ORG.OPENOFFICE.YEARS(Q108,A108,0)*0.025 -> 0.175 | T108: =G108/(1+S108) -> 0
A109: 45413 | B109: 12 | C109: SCP | D109: Silvia Guadalupe Colmenares Piña | E109: Recepcionista | F109: 42 | G109: 7255 | H109: =IFERROR(G109-G108,0) -> 7255 | I109: 5250 | J109: 252.76553 | K109: 230.92894 | L109: Formal | M109: 1 | N109: COPS701129MDFLXL05 | O109: 7887006380 | P109: COPS7011291S6 | Q109: =VLOOKUP(C109,employees!$A$1:$C$31,2,FALSE()) -> 43011 | R109: =VLOOKUP(C109,employees!$A$1:$C$31,3,FALSE()) -> Present | S109: =ORG.OPENOFFICE.YEARS(Q109,A109,0)*0.025 -> 0.15 | T109: =G109/(1+S109) -> 6308.6957
A110: 45413 | B110: 46 | C110: SNA | D110: Sandra Guadalupe Narvaez Arjona | E110: Pasante | F110: 48 | G110: 4128.57 | H110: =IFERROR(G110-G109,0) -> -3126.43 | I110: 3128.57 | J110: 71.424283 | K110: 77.371321 | L110: Por horas | M110: 0 | N110: NAAS001204MYNRRNA1 | P110: VECF9810224E2 | Q110: =VLOOKUP(C110,employees!$A$1:$C$31,2,FALSE()) -> 45166 | R110: =VLOOKUP(C110,employees!$A$1:$C$31,3,FALSE()) -> 45641 | S110: =ORG.OPENOFFICE.YEARS(Q110,A110,0)*0.025 -> 0 | T110: =G110/(1+S110) -> 4128.57
A111: 45428 | B111: 24 | C111: AAA | D111: Jesús Adrián Aguilar Ávila | E111: Gerente | F111: 48 | G111: 7840 | H111: =IFERROR(G111-G110,0) -> 3711.43 | I111: 7000 | J111: 273.14703 | K111: 325.82521 | L111: Garantizado | M111: 1 | N111: AUAJ871013HYNGVS02 | O111: 3168785453 | P111: AUAJ871013LM6 | Q111: =VLOOKUP(C111,employees!$A$1:$C$31,2,FALSE()) -> 43647 | R111: =VLOOKUP(C111,employees!$A$1:$C$31,3,FALSE()) -> 45427 | S111: =ORG.OPENOFFICE.YEARS(Q111,A111,0)*0.025 -> 0.1 | T111: =G111/(1+S111) -> 7127.2727
A112: 45428 | B112: 43 | C112: AAT | D112: Alejandra Isabel Ayora Troncoso | E112: Asistente A | F112: 48 | G112: 4243.2 | H112: =IFERROR(G112-G111,0) -> -3596.8 | I112: 5700 | J112: 253.26428 | K112: 198.63395 | L112: Formal | M112: 1 | N112: AOTA990618MYNYRL05 | O112: 14139978077 | P112: AOTA990618RA9 | Q112: =VLOOKUP(C112,employees!$A$1:$C$31,2,FALSE()) -> 44942 | R112: =VLOOKUP(C112,employees!$A$1:$C$31,3,FALSE()) -> Present | S112: =ORG.OPENOFFICE.YEARS(Q112,A112,0)*0.025 -> 0.025 | T112: =G112/(1+S112) -> 4139.7073
A113: 45428 | B113: 41 | C113: ACP | D113: Amayrani Chan Pique | E113: Veterinario B | F113: 48 | G113: 4795.2 | H113: =IFERROR(G113-G112,0) -> 552 | I113: 7200 | J113: 317.40429 | K113: 255.30755 | L113: Formal | M113: 1 | N113: CAPA970614MYNHQM01 | O113: 1139778375 | P113: CAPA970614622 | Q113: =VLOOKUP(C113,employees!$A$1:$C$31,2,FALSE()) -> 44495 | R113: =VLOOKUP(C113,employees!$A$1:$C$31,3,FALSE()) -> 45767 | S113: =ORG.OPENOFFICE.YEARS(Q113,A113,0)*0.025 -> 0.05 | T113: =G113/(1+S113) -> 4566.8571
A114: 45428 | B114: 4 | C114: ADG | D114: Aida Adriana García Aguilar | E114: Directora administrativa | F114: 48 | G114: 10890 | H114: =IFERROR(G114-G113,0) -> 6094.8 | I114: 9000 | J114: 379.40959 | K114: 334.79508 | L114: Garantizado | M114: 1 | N114: GAAA900526MPLRGD00 | O114: 3149097176 | P114: GAAA900526IQ1 | Q114: =VLOOKUP(C114,employees!$A$1:$C$31,2,FALSE()) -> 42720 | R114: =VLOOKUP(C114,employees!$A$1:$C$31,3,FALSE()) -> 45427 | S114: =ORG.OPENOFFICE.YEARS(Q114,A114,0)*0.025 -> 0.175 | T114: =G114/(1+S114) -> 9268.0851
A115: 45428 | B115: 47 | C115: FCB | D115: Felisa Andrea Ceballos Balam | E115: Pasante | F115: 35 | G115: 3011.249 | H115: =IFERROR(G115-G114,0) -> -7878.751 | I115: 2281.249 | J115: 128.05381 | K115: 81.787219 | L115: Por horas | M115: 0 | N115: CEBF010615MYNBLLA0 | Q115: =VLOOKUP(C115,employees!$A$1:$C$31,2,FALSE()) -> 45173 | R115: =VLOOKUP(C115,employees!$A$1:$C$31,3,FALSE()) -> 45550 | S115: =ORG.OPENOFFICE.YEARS(Q115,A115,0)*0.025 -> 0 | T115: =G115/(1+S115) -> 3011.249
A116: 45428 | B116: 44 | C116: FVC | D116: Felix Jared Velazquez Couoh | E116: Asistente A | F116: 48 | G116: 4243.2 | H116: =IFERROR(G116-G115,0) -> 1231.951 | I116: 5700 | J116: 243.96252 | K116: 194.51967 | L116: Formal | M116: 1 | N116: VECF981022HYNLHL04 | P116: VECF9810224E2 | Q116: =VLOOKUP(C116,employees!$A$1:$C$31,2,FALSE()) -> 44999 | R116: =VLOOKUP(C116,employees!$A$1:$C$31,3,FALSE()) -> 45788 | S116: =ORG.OPENOFFICE.YEARS(Q116,A116,0)*0.025 -> 0.025 | T116: =G116/(1+S116) -> 4139.7073
A117: 45428 | B117: 33 | C117: JLP | D117: José Luis López Pérez | E117: Veterinario B | F117: 48 | G117: 5450.4 | H117: =IFERROR(G117-G116,0) -> 1207.2 | I117: 7200 | J117: 397.16485 | K117: 346.38204 | L117: Formal | M117: 1 | N117: LOPL931009HCSPRS05 | O117: 62169374543 | P117: LOPL9310092R8 | Q117: =VLOOKUP(C117,employees!$A$1:$C$31,2,FALSE()) -> 43854 | R117: =VLOOKUP(C117,employees!$A$1:$C$31,3,FALSE()) -> Present | S117: =ORG.OPENOFFICE.YEARS(Q117,A117,0)*0.025 -> 0.1 | T117: =G117/(1+S117) -> 4954.9091
A118: 45428 | B118: 42 | C118: LCM | D118: Lizeth Haydee Canul Manzanilla | E118: Pasante | F118: 37 | G118: 3278.0703 | H118: =IFERROR(G118-G117,0) -> -2172.3297 | I118: 2411.606 | J118: 174.8056 | K118: 118.1583 | L118: Por horas | M118: 0 | N118: CAML980925MYNNNZ09 | Q118: =VLOOKUP(C118,employees!$A$1:$C$31,2,FALSE()) -> 44908 | R118: =VLOOKUP(C118,employees!$A$1:$C$31,3,FALSE()) -> Present | S118: =ORG.OPENOFFICE.YEARS(Q118,A118,0)*0.025 -> 0.025 | T118: =G118/(1+S118) -> 3198.1173
A119: 45428 | B119: 18 | C119: MAT | D119: María de Lourdes Avendaño Talarico | E119: Veterinario A | F119: 48 | G119: 6060 | H119: =IFERROR(G119-G118,0) -> 2781.9297 | I119: 9600 | J119: 789.4953 | K119: 685.77479 | L119: Formal | M119: 1 | N119: AETL911129MCSVLR02 | O119: 62169127248 | P119: AETL911129HI5 | Q119: =VLOOKUP(C119,employees!$A$1:$C$31,2,FALSE()) -> 43327 | R119: =VLOOKUP(C119,employees!$A$1:$C$31,3,FALSE()) -> Present | S119: =ORG.OPENOFFICE.YEARS(Q119,A119,0)*0.025 -> 0.125 | T119: =G119/(1+S119) -> 5386.6667
A120: 45428 | B120: 39 | C120: PCS | D120: Paola Aracely Carvajal Sanchez | E120: Veterinario B | F120: 48 | G120: 4795.2 | H120: =IFERROR(G120-G119,0) -> -1264.8 | I120: 7200 | J120: 311.1941 | K120: 264.83856 | L120: Formal | M120: 1 | N120: CASP960514MYNRNL01 | O120: 1139669566 | Q120: =VLOOKUP(C120,employees!$A$1:$C$31,2,FALSE()) -> 44396 | R120: =VLOOKUP(C120,employees!$A$1:$C$31,3,FALSE()) -> 45766 | S120: =ORG.OPENOFFICE.YEARS(Q120,A120,0)*0.025 -> 0.05 | T120: =G120/(1+S120) -> 4566.8571
A121: 45428 | B121: 2 | C121: RGL | D121: Rafael Augusto García López | E121: Director médico | F121: 48 | G121: 0 | H121: =IFERROR(G121-G120,0) -> -4795.2 | I121: 0 | J121: 0 | K121: 0 | L121: NA | M121: 0 | N121: GALR671117HYNRPF07 | O121: 84936700065 | P121: GALR6711178Z9 | Q121: =VLOOKUP(C121,employees!$A$1:$C$31,2,FALSE()) -> 42705 | R121: =VLOOKUP(C121,employees!$A$1:$C$31,3,FALSE()) -> Present | S121: =ORG.OPENOFFICE.YEARS(Q121,A121,0)*0.025 -> 0.175 | T121: =G121/(1+S121) -> 0
A122: 45428 | B122: 12 | C122: SCP | D122: Silvia Guadalupe Colmenares Piña | E122: Recepcionista | F122: 42 | G122: 7255 | H122: =IFERROR(G122-G121,0) -> 7255 | I122: 5250 | J122: 252.76553 | K122: 230.92894 | L122: Formal | M122: 1 | N122: COPS701129MDFLXL05 | O122: 7887006380 | P122: COPS7011291S6 | Q122: =VLOOKUP(C122,employees!$A$1:$C$31,2,FALSE()) -> 43011 | R122: =VLOOKUP(C122,employees!$A$1:$C$31,3,FALSE()) -> Present | S122: =ORG.OPENOFFICE.YEARS(Q122,A122,0)*0.025 -> 0.15 | T122: =G122/(1+S122) -> 6308.6957
A123: 45428 | B123: 46 | C123: SNA | D123: Sandra Guadalupe Narvaez Arjona | E123: Pasante | F123: 48 | G123: 4128.57 | H123: =IFERROR(G123-G122,0) -> -3126.43 | I123: 3128.57 | J123: 166.05426 | K123: 77.371321 | L123: Por horas | M123: 0 | N123: NAAS001204MYNRRNA1 | P123: VECF9810224E2 | Q123: =VLOOKUP(C123,employees!$A$1:$C$31,2,FALSE()) -> 45166 | R123: =VLOOKUP(C123,employees!$A$1:$C$31,3,FALSE()) -> 45641 | S123: =ORG.OPENOFFICE.YEARS(Q123,A123,0)*0.025 -> 0 | T123: =G123/(1+S123) -> 4128.57
A124: 45444 | B124: 43 | C124: AAT | D124: Alejandra Isabel Ayora Troncoso | E124: Asistente A | F124: 48 | G124: 4243.2 | H124: =IFERROR(G124-G123,0) -> 114.63 | I124: 5700 | J124: 253.26428 | K124: 198.63395 | L124: Formal | M124: 1 | N124: AOTA990618MYNYRL05 | O124: 14139978077 | P124: AOTA990618RA9 | Q124: =VLOOKUP(C124,employees!$A$1:$C$31,2,FALSE()) -> 44942 | R124: =VLOOKUP(C124,employees!$A$1:$C$31,3,FALSE()) -> Present | S124: =ORG.OPENOFFICE.YEARS(Q124,A124,0)*0.025 -> 0.025 | T124: =G124/(1+S124) -> 4139.7073
A125: 45444 | B125: 41 | C125: ACP | D125: Amayrani Chan Pique | E125: Veterinario B | F125: 48 | G125: 4795.2 | H125: =IFERROR(G125-G124,0) -> 552 | I125: 7200 | J125: 317.40429 | K125: 255.30755 | L125: Formal | M125: 1 | N125: CAPA970614MYNHQM01 | O125: 1139778375 | P125: CAPA970614622 | Q125: =VLOOKUP(C125,employees!$A$1:$C$31,2,FALSE()) -> 44495 | R125: =VLOOKUP(C125,employees!$A$1:$C$31,3,FALSE()) -> 45767 | S125: =ORG.OPENOFFICE.YEARS(Q125,A125,0)*0.025 -> 0.05 | T125: =G125/(1+S125) -> 4566.8571
A126: 45444 | B126: 47 | C126: FCB | D126: Felisa Andrea Ceballos Balam | E126: Pasante | F126: 35 | G126: 3011.249 | H126: =IFERROR(G126-G125,0) -> -1783.951 | I126: 2281.249 | J126: 128.05381 | K126: 81.787219 | L126: Por horas | M126: 0 | N126: CEBF010615MYNBLLA0 | Q126: =VLOOKUP(C126,employees!$A$1:$C$31,2,FALSE()) -> 45173 | R126: =VLOOKUP(C126,employees!$A$1:$C$31,3,FALSE()) -> 45550 | S126: =ORG.OPENOFFICE.YEARS(Q126,A126,0)*0.025 -> 0 | T126: =G126/(1+S126) -> 3011.249
A127: 45444 | B127: 44 | C127: FVC | D127: Felix Jared Velazquez Couoh | E127: Asistente A | F127: 48 | G127: 4243.2 | H127: =IFERROR(G127-G126,0) -> 1231.951 | I127: 5700 | J127: 243.96252 | K127: 194.51967 | L127: Formal | M127: 1 | N127: VECF981022HYNLHL04 | P127: VECF9810224E2 | Q127: =VLOOKUP(C127,employees!$A$1:$C$31,2,FALSE()) -> 44999 | R127: =VLOOKUP(C127,employees!$A$1:$C$31,3,FALSE()) -> 45788 | S127: =ORG.OPENOFFICE.YEARS(Q127,A127,0)*0.025 -> 0.025 | T127: =G127/(1+S127) -> 4139.7073
A128: 45444 | B128: 33 | C128: JLP | D128: José Luis López Pérez | E128: Veterinario B | F128: 48 | G128: 5450.4 | H128: =IFERROR(G128-G127,0) -> 1207.2 | I128: 7200 | J128: 397.16485 | K128: 346.38204 | L128: Formal | M128: 1 | N128: LOPL931009HCSPRS05 | O128: 62169374543 | P128: LOPL9310092R8 | Q128: =VLOOKUP(C128,employees!$A$1:$C$31,2,FALSE()) -> 43854 | R128: =VLOOKUP(C128,employees!$A$1:$C$31,3,FALSE()) -> Present | S128: =ORG.OPENOFFICE.YEARS(Q128,A128,0)*0.025 -> 0.1 | T128: =G128/(1+S128) -> 4954.9091
A129: 45444 | B129: 42 | C129: LCM | D129: Lizeth Haydee Canul Manzanilla | E129: Pasante | F129: 37 | G129: 3278.0703 | H129: =IFERROR(G129-G128,0) -> -2172.3297 | I129: 2411.606 | J129: 174.8056 | K129: 118.1583 | L129: Por horas | M129: 0 | N129: CAML980925MYNNNZ09 | Q129: =VLOOKUP(C129,employees!$A$1:$C$31,2,FALSE()) -> 44908 | R129: =VLOOKUP(C129,employees!$A$1:$C$31,3,FALSE()) -> Present | S129: =ORG.OPENOFFICE.YEARS(Q129,A129,0)*0.025 -> 0.025 | T129: =G129/(1+S129) -> 3198.1173
A130: 45444 | B130: 18 | C130: MAT | D130: María de Lourdes Avendaño Talarico | E130: Veterinario A | F130: 48 | G130: 6060 | H130: =IFERROR(G130-G129,0) -> 2781.9297 | I130: 9600 | J130: 789.4953 | K130: 685.77479 | L130: Formal | M130: 1 | N130: AETL911129MCSVLR02 | O130: 62169127248 | P130: AETL911129HI5 | Q130: =VLOOKUP(C130,employees!$A$1:$C$31,2,FALSE()) -> 43327 | R130: =VLOOKUP(C130,employees!$A$1:$C$31,3,FALSE()) -> Present | S130: =ORG.OPENOFFICE.YEARS(Q130,A130,0)*0.025 -> 0.125 | T130: =G130/(1+S130) -> 5386.6667
A131: 45444 | B131: 39 | C131: PCS | D131: Paola Aracely Carvajal Sanchez | E131: Veterinario B | F131: 48 | G131: 4795.2 | H131: =IFERROR(G131-G130,0) -> -1264.8 | I131: 7200 | J131: 311.1941 | K131: 264.83856 | L131: Formal | M131: 1 | N131: CASP960514MYNRNL01 | O131: 1139669566 | Q131: =VLOOKUP(C131,employees!$A$1:$C$31,2,FALSE()) -> 44396 | R131: =VLOOKUP(C131,employees!$A$1:$C$31,3,FALSE()) -> 45766 | S131: =ORG.OPENOFFICE.YEARS(Q131,A131,0)*0.025 -> 0.05 | T131: =G131/(1+S131) -> 4566.8571
A132: 45444 | B132: 2 | C132: RGL | D132: Rafael Augusto García López | E132: Director médico | F132: 48 | G132: 0 | H132: =IFERROR(G132-G131,0) -> -4795.2 | I132: 0 | J132: 0 | K132: 0 | L132: NA | M132: 0 | N132: GALR671117HYNRPF07 | O132: 84936700065 | P132: GALR6711178Z9 | Q132: =VLOOKUP(C132,employees!$A$1:$C$31,2,FALSE()) -> 42705 | R132: =VLOOKUP(C132,employees!$A$1:$C$31,3,FALSE()) -> Present | S132: =ORG.OPENOFFICE.YEARS(Q132,A132,0)*0.025 -> 0.175 | T132: =G132/(1+S132) -> 0
A133: 45444 | B133: 12 | C133: SCP | D133: Silvia Guadalupe Colmenares Piña | E133: Recepcionista | F133: 42 | G133: 7255 | H133: =IFERROR(G133-G132,0) -> 7255 | I133: 5250 | J133: 252.76553 | K133: 230.92894 | L133: Formal | M133: 1 | N133: COPS701129MDFLXL05 | O133: 7887006380 | P133: COPS7011291S6 | Q133: =VLOOKUP(C133,employees!$A$1:$C$31,2,FALSE()) -> 43011 | R133: =VLOOKUP(C133,employees!$A$1:$C$31,3,FALSE()) -> Present | S133: =ORG.OPENOFFICE.YEARS(Q133,A133,0)*0.025 -> 0.15 | T133: =G133/(1+S133) -> 6308.6957
A134: 45444 | B134: 46 | C134: SNA | D134: Sandra Guadalupe Narvaez Arjona | E134: Pasante | F134: 48 | G134: 4128.57 | H134: =IFERROR(G134-G133,0) -> -3126.43 | I134: 3128.57 | J134: 166.05426 | K134: 77.371321 | L134: Por horas | M134: 0 | N134: NAAS001204MYNRRNA1 | P134: VECF9810224E2 | Q134: =VLOOKUP(C134,employees!$A$1:$C$31,2,FALSE()) -> 45166 | R134: =VLOOKUP(C134,employees!$A$1:$C$31,3,FALSE()) -> 45641 | S134: =ORG.OPENOFFICE.YEARS(Q134,A134,0)*0.025 -> 0 | T134: =G134/(1+S134) -> 4128.57
A135: 45459 | B135: 43 | C135: AAT | D135: Alejandra Isabel Ayora Troncoso | E135: Asistente A | F135: 48 | G135: 4243.2 | H135: =IFERROR(G135-G134,0) -> 114.63 | I135: 5700 | J135: 253.26428 | K135: 198.63395 | L135: Formal | M135: 1 | N135: AOTA990618MYNYRL05 | O135: 14139978077 | P135: AOTA990618RA9 | Q135: =VLOOKUP(C135,employees!$A$1:$C$31,2,FALSE()) -> 44942 | R135: =VLOOKUP(C135,employees!$A$1:$C$31,3,FALSE()) -> Present | S135: =ORG.OPENOFFICE.YEARS(Q135,A135,0)*0.025 -> 0.025 | T135: =G135/(1+S135) -> 4139.7073
A136: 45459 | B136: 41 | C136: ACP | D136: Amayrani Chan Pique | E136: Veterinario B | F136: 48 | G136: 4795.2 | H136: =IFERROR(G136-G135,0) -> 552 | I136: 7200 | J136: 317.40429 | K136: 255.30755 | L136: Formal | M136: 1 | N136: CAPA970614MYNHQM01 | O136: 1139778375 | P136: CAPA970614622 | Q136: =VLOOKUP(C136,employees!$A$1:$C$31,2,FALSE()) -> 44495 | R136: =VLOOKUP(C136,employees!$A$1:$C$31,3,FALSE()) -> 45767 | S136: =ORG.OPENOFFICE.YEARS(Q136,A136,0)*0.025 -> 0.05 | T136: =G136/(1+S136) -> 4566.8571
A137: 45459 | B137: 48 | C137: ERP | D137: Edgardo Rojo Pech | E137: Pasante | F137: 48 | G137: 3337.1417 | H137: =IFERROR(G137-G136,0) -> -1458.0583 | I137: 3128.57 | L137: Por horas | M137: 0 | N137: ROPE961222HYNJCD08 | P137: ROPE961222JK0 | Q137: =VLOOKUP(C137,employees!$A$1:$C$31,2,FALSE()) -> 45460 | R137: =VLOOKUP(C137,employees!$A$1:$C$31,3,FALSE()) -> 45535 | S137: =ORG.OPENOFFICE.YEARS(Q137,A137,0)*0.025 -> 0 | T137: =G137/(1+S137) -> 3337.1417
A138: 45459 | B138: 47 | C138: FCB | D138: Felisa Andrea Ceballos Balam | E138: Pasante | F138: 35 | G138: 3011.249 | H138: =IFERROR(G138-G137,0) -> -325.89271 | I138: 2281.249 | J138: 128.05381 | K138: 81.787219 | L138: Por horas | M138: 0 | N138: CEBF010615MYNBLLA0 | Q138: =VLOOKUP(C138,employees!$A$1:$C$31,2,FALSE()) -> 45173 | R138: =VLOOKUP(C138,employees!$A$1:$C$31,3,FALSE()) -> 45550 | S138: =ORG.OPENOFFICE.YEARS(Q138,A138,0)*0.025 -> 0 | T138: =G138/(1+S138) -> 3011.249
A139: 45459 | B139: 44 | C139: FVC | D139: Felix Jared Velazquez Couoh | E139: Asistente A | F139: 48 | G139: 4243.2 | H139: =IFERROR(G139-G138,0) -> 1231.951 | I139: 5700 | J139: 243.96252 | K139: 194.51967 | L139: Formal | M139: 1 | N139: VECF981022HYNLHL04 | P139: VECF9810224E2 | Q139: =VLOOKUP(C139,employees!$A$1:$C$31,2,FALSE()) -> 44999 | R139: =VLOOKUP(C139,employees!$A$1:$C$31,3,FALSE()) -> 45788 | S139: =ORG.OPENOFFICE.YEARS(Q139,A139,0)*0.025 -> 0.025 | T139: =G139/(1+S139) -> 4139.7073
A140: 45459 | B140: 33 | C140: JLP | D140: José Luis López Pérez | E140: Veterinario B | F140: 48 | G140: 5450.4 | H140: =IFERROR(G140-G139,0) -> 1207.2 | I140: 7200 | J140: 397.16485 | K140: 346.38204 | L140: Formal | M140: 1 | N140: LOPL931009HCSPRS05 | O140: 62169374543 | P140: LOPL9310092R8 | Q140: =VLOOKUP(C140,employees!$A$1:$C$31,2,FALSE()) -> 43854 | R140: =VLOOKUP(C140,employees!$A$1:$C$31,3,FALSE()) -> Present | S140: =ORG.OPENOFFICE.YEARS(Q140,A140,0)*0.025 -> 0.1 | T140: =G140/(1+S140) -> 4954.9091
A141: 45459 | B141: 42 | C141: LCM | D141: Lizeth Haydee Canul Manzanilla | E141: Pasante | F141: 37 | G141: 3278.0703 | H141: =IFERROR(G141-G140,0) -> -2172.3297 | I141: 2411.606 | J141: 174.8056 | K141: 118.1583 | L141: Por horas | M141: 0 | N141: CAML980925MYNNNZ09 | Q141: =VLOOKUP(C141,employees!$A$1:$C$31,2,FALSE()) -> 44908 | R141: =VLOOKUP(C141,employees!$A$1:$C$31,3,FALSE()) -> Present | S141: =ORG.OPENOFFICE.YEARS(Q141,A141,0)*0.025 -> 0.025 | T141: =G141/(1+S141) -> 3198.1173
A142: 45459 | B142: 18 | C142: MAT | D142: María de Lourdes Avendaño Talarico | E142: Veterinario A | F142: 48 | G142: 6060 | H142: =IFERROR(G142-G141,0) -> 2781.9297 | I142: 9600 | J142: 789.4953 | K142: 685.77479 | L142: Formal | M142: 1 | N142: AETL911129MCSVLR02 | O142: 62169127248 | P142: AETL911129HI5 | Q142: =VLOOKUP(C142,employees!$A$1:$C$31,2,FALSE()) -> 43327 | R142: =VLOOKUP(C142,employees!$A$1:$C$31,3,FALSE()) -> Present | S142: =ORG.OPENOFFICE.YEARS(Q142,A142,0)*0.025 -> 0.125 | T142: =G142/(1+S142) -> 5386.6667
A143: 45459 | B143: 39 | C143: PCS | D143: Paola Aracely Carvajal Sanchez | E143: Veterinario B | F143: 48 | G143: 4795.2 | H143: =IFERROR(G143-G142,0) -> -1264.8 | I143: 7200 | J143: 311.1941 | K143: 264.83856 | L143: Formal | M143: 1 | N143: CASP960514MYNRNL01 | O143: 1139669566 | Q143: =VLOOKUP(C143,employees!$A$1:$C$31,2,FALSE()) -> 44396 | R143: =VLOOKUP(C143,employees!$A$1:$C$31,3,FALSE()) -> 45766 | S143: =ORG.OPENOFFICE.YEARS(Q143,A143,0)*0.025 -> 0.05 | T143: =G143/(1+S143) -> 4566.8571
A144: 45459 | B144: 2 | C144: RGL | D144: Rafael Augusto García López | E144: Director médico | F144: 48 | G144: 0 | H144: =IFERROR(G144-G143,0) -> -4795.2 | I144: 0 | J144: 0 | K144: 0 | L144: NA | M144: 0 | N144: GALR671117HYNRPF07 | O144: 84936700065 | P144: GALR6711178Z9 | Q144: =VLOOKUP(C144,employees!$A$1:$C$31,2,FALSE()) -> 42705 | R144: =VLOOKUP(C144,employees!$A$1:$C$31,3,FALSE()) -> Present | S144: =ORG.OPENOFFICE.YEARS(Q144,A144,0)*0.025 -> 0.175 | T144: =G144/(1+S144) -> 0
A145: 45459 | B145: 12 | C145: SCP | D145: Silvia Guadalupe Colmenares Piña | E145: Recepcionista | F145: 42 | G145: 7255 | H145: =IFERROR(G145-G144,0) -> 7255 | I145: 5250 | J145: 252.76553 | K145: 230.92894 | L145: Formal | M145: 1 | N145: COPS701129MDFLXL05 | O145: 7887006380 | P145: COPS7011291S6 | Q145: =VLOOKUP(C145,employees!$A$1:$C$31,2,FALSE()) -> 43011 | R145: =VLOOKUP(C145,employees!$A$1:$C$31,3,FALSE()) -> Present | S145: =ORG.OPENOFFICE.YEARS(Q145,A145,0)*0.025 -> 0.15 | T145: =G145/(1+S145) -> 6308.6957
A146: 45459 | B146: 46 | C146: SNA | D146: Sandra Guadalupe Narvaez Arjona | E146: Pasante | F146: 48 | G146: 4128.57 | H146: =IFERROR(G146-G145,0) -> -3126.43 | I146: 3128.57 | J146: 166.05426 | K146: 77.371321 | L146: Por horas | M146: 0 | N146: NAAS001204MYNRRNA1 | P146: VECF9810224E2 | Q146: =VLOOKUP(C146,employees!$A$1:$C$31,2,FALSE()) -> 45166 | R146: =VLOOKUP(C146,employees!$A$1:$C$31,3,FALSE()) -> 45641 | S146: =ORG.OPENOFFICE.YEARS(Q146,A146,0)*0.025 -> 0 | T146: =G146/(1+S146) -> 4128.57
A147: 45474 | B147: 43 | C147: AAT | D147: Alejandra Isabel Ayora Troncoso | E147: Asistente A | F147: 48 | G147: 4243.2 | H147: =IFERROR(G147-G146,0) -> 114.63 | I147: 5700 | J147: 253.26428 | K147: 198.63395 | L147: Formal | M147: 1 | N147: AOTA990618MYNYRL05 | O147: 14139978077 | P147: AOTA990618RA9 | Q147: =VLOOKUP(C147,employees!$A$1:$C$31,2,FALSE()) -> 44942 | R147: =VLOOKUP(C147,employees!$A$1:$C$31,3,FALSE()) -> Present | S147: =ORG.OPENOFFICE.YEARS(Q147,A147,0)*0.025 -> 0.025 | T147: =G147/(1+S147) -> 4139.7073
A148: 45474 | B148: 41 | C148: ACP | D148: Amayrani Chan Pique | E148: Veterinario B | F148: 48 | G148: 5095.2 | H148: =IFERROR(G148-G147,0) -> 852 | I148: 7200 | J148: 317.40429 | K148: 255.30755 | L148: Formal | M148: 1 | N148: CAPA970614MYNHQM01 | O148: 1139778375 | P148: CAPA970614622 | Q148: =VLOOKUP(C148,employees!$A$1:$C$31,2,FALSE()) -> 44495 | R148: =VLOOKUP(C148,employees!$A$1:$C$31,3,FALSE()) -> 45767 | S148: =ORG.OPENOFFICE.YEARS(Q148,A148,0)*0.025 -> 0.05 | T148: =G148/(1+S148) -> 4852.5714
A149: 45474 | B149: 48 | C149: ERP | D149: Edgardo Rojo Pech | E149: Pasante | F149: 40 | G149: 3337.1417 | H149: =IFERROR(G149-G148,0) -> -1758.0583 | I149: 2607.1417 | L149: Por horas | M149: 0 | N149: ROPE961222HYNJCD08 | P149: ROPE961222JK0 | Q149: =VLOOKUP(C149,employees!$A$1:$C$31,2,FALSE()) -> 45460 | R149: =VLOOKUP(C149,employees!$A$1:$C$31,3,FALSE()) -> 45535 | S149: =ORG.OPENOFFICE.YEARS(Q149,A149,0)*0.025 -> 0 | T149: =G149/(1+S149) -> 3337.1417
A150: 45474 | B150: 47 | C150: FCB | D150: Felisa Andrea Ceballos Balam | E150: Pasante | F150: 35 | G150: 3011.249 | H150: =IFERROR(G150-G149,0) -> -325.89271 | I150: 2281.249 | J150: 128.05381 | K150: 81.787219 | L150: Por horas | M150: 0 | N150: CEBF010615MYNBLLA0 | Q150: =VLOOKUP(C150,employees!$A$1:$C$31,2,FALSE()) -> 45173 | R150: =VLOOKUP(C150,employees!$A$1:$C$31,3,FALSE()) -> 45550 | S150: =ORG.OPENOFFICE.YEARS(Q150,A150,0)*0.025 -> 0 | T150: =G150/(1+S150) -> 3011.249
A151: 45474 | B151: 44 | C151: FVC | D151: Felix Jared Velazquez Couoh | E151: Asistente A | F151: 48 | G151: 4243.2 | H151: =IFERROR(G151-G150,0) -> 1231.951 | I151: 5700 | J151: 243.96252 | K151: 194.51967 | L151: Formal | M151: 1 | N151: VECF981022HYNLHL04 | P151: VECF9810224E2 | Q151: =VLOOKUP(C151,employees!$A$1:$C$31,2,FALSE()) -> 44999 | R151: =VLOOKUP(C151,employees!$A$1:$C$31,3,FALSE()) -> 45788 | S151: =ORG.OPENOFFICE.YEARS(Q151,A151,0)*0.025 -> 0.025 | T151: =G151/(1+S151) -> 4139.7073
A152: 45474 | B152: 33 | C152: JLP | D152: José Luis López Pérez | E152: Veterinario B | F152: 48 | G152: 5450.4 | H152: =IFERROR(G152-G151,0) -> 1207.2 | I152: 7200 | J152: 397.16485 | K152: 346.38204 | L152: Formal | M152: 1 | N152: LOPL931009HCSPRS05 | O152: 62169374543 | P152: LOPL9310092R8 | Q152: =VLOOKUP(C152,employees!$A$1:$C$31,2,FALSE()) -> 43854 | R152: =VLOOKUP(C152,employees!$A$1:$C$31,3,FALSE()) -> Present | S152: =ORG.OPENOFFICE.YEARS(Q152,A152,0)*0.025 -> 0.1 | T152: =G152/(1+S152) -> 4954.9091
A153: 45474 | B153: 42 | C153: LCM | D153: Lizeth Haydee Canul Manzanilla | E153: Pasante | F153: 37 | G153: 3278.0703 | H153: =IFERROR(G153-G152,0) -> -2172.3297 | I153: 2411.606 | J153: 174.8056 | K153: 118.1583 | L153: Por horas | M153: 0 | N153: CAML980925MYNNNZ09 | Q153: =VLOOKUP(C153,employees!$A$1:$C$31,2,FALSE()) -> 44908 | R153: =VLOOKUP(C153,employees!$A$1:$C$31,3,FALSE()) -> Present | S153: =ORG.OPENOFFICE.YEARS(Q153,A153,0)*0.025 -> 0.025 | T153: =G153/(1+S153) -> 3198.1173
A154: 45474 | B154: 18 | C154: MAT | D154: María de Lourdes Avendaño Talarico | E154: Veterinario A | F154: 48 | G154: 6060 | H154: =IFERROR(G154-G153,0) -> 2781.9297 | I154: 9600 | J154: 789.4953 | K154: 685.77479 | L154: Formal | M154: 1 | N154: AETL911129MCSVLR02 | O154: 62169127248 | P154: AETL911129HI5 | Q154: =VLOOKUP(C154,employees!$A$1:$C$31,2,FALSE()) -> 43327 | R154: =VLOOKUP(C154,employees!$A$1:$C$31,3,FALSE()) -> Present | S154: =ORG.OPENOFFICE.YEARS(Q154,A154,0)*0.025 -> 0.125 | T154: =G154/(1+S154) -> 5386.6667
A155: 45474 | B155: 39 | C155: PCS | D155: Paola Aracely Carvajal Sanchez | E155: Veterinario B | F155: 48 | G155: 4795.2 | H155: =IFERROR(G155-G154,0) -> -1264.8 | I155: 7200 | J155: 311.1941 | K155: 264.83856 | L155: Formal | M155: 1 | N155: CASP960514MYNRNL01 | O155: 1139669566 | Q155: =VLOOKUP(C155,employees!$A$1:$C$31,2,FALSE()) -> 44396 | R155: =VLOOKUP(C155,employees!$A$1:$C$31,3,FALSE()) -> 45766 | S155: =ORG.OPENOFFICE.YEARS(Q155,A155,0)*0.025 -> 0.05 | T155: =G155/(1+S155) -> 4566.8571
A156: 45474 | B156: 2 | C156: RGL | D156: Rafael Augusto García López | E156: Director médico | F156: 48 | G156: 0 | H156: =IFERROR(G156-G155,0) -> -4795.2 | I156: 0 | J156: 0 | K156: 0 | L156: NA | M156: 0 | N156: GALR671117HYNRPF07 | O156: 84936700065 | P156: GALR6711178Z9 | Q156: =VLOOKUP(C156,employees!$A$1:$C$31,2,FALSE()) -> 42705 | R156: =VLOOKUP(C156,employees!$A$1:$C$31,3,FALSE()) -> Present | S156: =ORG.OPENOFFICE.YEARS(Q156,A156,0)*0.025 -> 0.175 | T156: =G156/(1+S156) -> 0
...

Sheet payDates
A1: Pagos de nomina
A2: 45293
A3: 45306
A4: 45322
A5: 45337
A6: 45351
A7: 45366
A8: 45383
A9: 45397
A10: 45414
A11: 45428
A12: 45446
A13: 45460
... A36: 45810

Sheet employees
A1: COL_CODE | B1: START_DATE | C1: END_DATE
A2: VGG | B2: 45063 | C2: 45355
A3: ADG | B3: 42720 | C3: 45427
A4: AAA | B4: 43647 | C4: 45427
A5: ERP | B5: 45460 | C5: 45535
A6: FCB | B6: 45173 | C6: 45550
A7: SNA | B7: 45166 | C7: 45641
A8: GPP | B8: 43100 | C8: 45657
A9: TTT | B9: 44561 | C9: 45657
A10: KPS | B10: 45509 | C10: 45739
A11: KNB | B11: 45614 | C11: 45763
A12: PCS | B12: 44396 | C12: 45766
A13: ACP | B13: 44495 | C13: 45767
... A15: CRR | B15: 45778 | C15: 45801
A16: JGG | B16: 42705 | C16: Present
A17: RGL | B17: 42705 | C17: Present
A18: AGA | B18: 42705 | C18: Present
A19: SCP | B19: 43011 | C19: Present
A20: MAT | B20: 43327 | C20: Present
A21: JLP | B21: 43854 | C21: Present
A22: LCM | B22: 44908 | C22: Present
A23: AAT | B23: 44942 | C23: Present
A24: GUI | B24: 45413 | C24: Present
A25: FPO | B25: 45772 | C25: Present
A26: CGP | B26: 45778 | C26: Present
A27: SLR | B27: 45779 | C27: Present
... A31: LMP | B31: 45824 | C31: Present

Sheet Sheet5
A1: Data | B1: Código | C1: Concepto | D1: Beneficiario | E1: Ingreso | F1: Egreso
A2: 45322 | B2: 2111 | C2: Apoyo AGA | D2: AGA | E2: 0 | F2: 1400
A3: 45397 | B3: 2111 | C3: Vacaciones proporcionales NDC | D3: NDC | E3: 0 | F3: 5000
A4: 45419 | B4: 2111 | C4: Pago NDC | D4: NDC | E4: 0 | F4: 5000
A5: 45421 | B5: 2111 | C5: NESTOR | D5: NDC | E5: 0 | F5: 509
A6: 45356 | B6: 2137 | C6: Aguinaldo proporcional NDC | D6: NDC | E6: 0 | F6: 5000
A7: 45459 | B7: 2155 | C7: Pago MAT curso | D7: MAT | E7: 0 | F7: 5000
A8: 45413 | B8: 2171 | C8: Pago AIDA | D8: GUI | E8: 0 | F8: 600
A9: 45306 | B9: 2171 | C9: Pago RGL por horas | D9: RGL | E9: 0 | F9: 2850
A10: 45322 | B10: 2171 | C10: Comisiones RGL del 15 al 30 de ene 24 | D10: RGL | E10: 0 | F10: 8810
A11: 45337 | B11: 2171 | C11: Comisiones RGL del 15 al 30 de ene 24 | D11: RGL | E11: 0 | F11: 7590
A12: 45351 | B12: 2171 | C12: Comisiones RGL del 15 al 29 de feb 24 | D12: RGL | E12: 0 | F12: 5000
A13: 45366 | B13: 2171 | C13: Comisiones RGL del 30 de feb al 14 de marzo 24 | D13: RGL | E13: 0 | F13: 5725
... A198: 45672 | B198: 2174 | C198: Pago KNB | D198: SNA | E198: 0 | F198: 2600
